{"x": [4.01, 4.02, 4.03, 4.04, 4.05, 4.06, 4.07, 4.08, 4.09, 4.1, 4.11, 4.12, 4.13, 4.14, 4.15, 4.16, 4.17, 4.18, 4.19, 4.2, 4.21, 4.22, 4.23, 4.24, 4.25, 4.26, 4.27, 4.28, 4.29, 4.3, 4.31, 4.32, 4.33, 4.34, 4.35, 4.36, 4.37, 4.38, 4.39, 4.4, 4.41, 4.42, 4.43, 4.44, 4.45, 4.46, 4.47, 4.48, 4.49, 4.5, 4.51, 4.52, 4.53, 4.54, 4.55, 4.5600000000000005, 4.57, 4.58, 4.59, 4.6, 4.61, 4.62, 4.63, 4.64, 4.65, 4.66, 4.67, 4.68, 4.69, 4.7, 4.71, 4.72, 4.73, 4.74, 4.75, 4.76, 4.77, 4.78, 4.79, 4.8, 4.8100000000000005, 4.82, 4.83, 4.84, 4.85, 4.86, 4.87, 4.88, 4.89, 4.9, 4.91, 4.92, 4.93, 4.94, 4.95, 4.96, 4.97, 4.98, 4.99, 5.0, 5.01, 5.02, 5.03, 5.04, 5.05, 5.0600000000000005, 5.07, 5.08, 5.09, 5.1, 5.11, 5.12, 5.13, 5.140000000000001, 5.15, 5.16, 5.17, 5.18, 5.1899999999999995, 5.2, 5.21, 5.22, 5.23, 5.24, 5.25, 5.26, 5.27, 5.28, 5.29, 5.3, 5.3100000000000005, 5.32, 5.33, 5.34, 5.35, 5.36, 5.37, 5.38, 5.390000000000001, 5.4, 5.41, 5.42, 5.43, 5.4399999999999995, 5.45, 5.46, 5.47, 5.48, 5.49, 5.5, 5.51, 5.52, 5.53, 5.54, 5.55, 5.5600000000000005, 5.57, 5.58, 5.59, 5.6, 5.61, 5.62, 5.63, 5.640000000000001, 5.65, 5.66, 5.67, 5.68, 5.6899999999999995, 5.7, 5.71, 5.72, 5.73, 5.74, 5.75, 5.76, 5.77, 5.78, 5.79, 5.8, 5.8100000000000005, 5.82, 5.83, 5.84, 5.85, 5.86, 5.87, 5.88, 5.890000000000001, 5.9, 5.91, 5.92, 5.93, 5.9399999999999995, 5.95, 5.96, 5.97, 5.98, 5.99], "y": [5.242921619684438, 5.104292183572449, 5.023199161950816, 4.965662747460461, 4.921034037197618, 4.884569725838827, 4.853739589873376, 4.827033311348472, 4.803476704217195, 4.782404601085629, 4.7633425651247645, 4.745940289726838, 4.729931748192131, 4.715110153761387, 4.701311579463996, 4.688403875236482, 4.676278950873195, 4.664847268105206, 4.65403382385115, 4.64377516497364, 4.634017132139753, 4.624713129012775, 4.615822776498608, 4.607310853614849, 4.599146454710798, 4.591302312080142, 4.583754246483572, 4.576480717649398, 4.5694624536871435, 4.562682143352007, 4.556124178787409, 4.549774439124493, 4.543620107391142, 4.537649514761206, 4.531852007386556, 4.5262178319932165, 4.520738037155594, 4.515404387739161, 4.510209290458509, 4.505145728861651, 4.5002072063435765, 4.495387696027764, 4.490681596545726, 4.486083692900786, 4.481589121730375, 4.477193340386619, 4.472892099342427, 4.46868141750286, 4.464557560062313, 4.460517018598809, 4.456556493139573, 4.452672875968153, 4.448863236974014, 4.445124810371583, 4.441454982637945, 4.437851281537409, 4.434311366117528, 4.4308330175751545, 4.427414130903294, 4.424052707240018, 4.420746846849776, 4.41749474267542, 4.414294674406132, 4.411145003012504, 4.408044165705311, 4.404990671279153, 4.401983095806245, 4.399020078649217, 4.3961003187649865, 4.393222571274567, 4.390385644276176, 4.387588395881227, 4.38482973145476, 4.382108601043605, 4.379423996977176, 4.376774951627172, 4.374160535313702, 4.37157985434652, 4.369032049191034, 4.366516292749662, 4.3640317887499505, 4.361577770231587, 4.359153498125119, 4.356758259915775, 4.354391368386375, 4.352052160433737, 4.349739995953522, 4.347454256788797, 4.34519434573801, 4.342959685618386, 4.340749718381068, 4.33856390427463, 4.336401721053787, 4.3342626632304375, 4.33214624136433, 4.330051981390871, 4.327979423983762, 4.325928123950324, 4.32389764965752, 4.32188758248682, 4.319897516316186, 4.317927057027584, 4.315975822038511, 4.314043439856164, 4.3121295496529335, 4.310233800862025, 4.308355852792057, 4.306495374259594, 4.30465204323861, 4.3028255465259555, 4.301015579421971, 4.29922184542542, 4.29744405594197, 4.295681930005539, 4.293935194011788, 4.292203581463165, 4.290486832724887, 4.288784694791305, 4.287096921062132, 4.285423271128029, 4.28376351056509, 4.282117410737787, 4.280484748609955, 4.278865306563431, 4.277258872223978, 4.275665238294143, 4.27408420239272, 4.272515566900515, 4.270959138812104, 4.269414729593322, 4.267882155044208, 4.266361235167164, 4.264851794040087, 4.263353659694256, 4.261866663996752, 4.260390642537228, 4.2589254345188134, 4.2574708826529974, 4.2560268330583, 4.254593135162578, 4.253169641608805, 4.251756208164187, 4.250352693632457, 4.248958959769238, 4.247574871200324, 4.246200295342771, 4.244835102328691, 4.243479164931616, 4.242132358495347, 4.240794560865187, 4.239465652321454, 4.238145515515183, 4.236834035405951, 4.235531099201713, 4.234236596300589, 4.232950418234531, 4.231672458614777, 4.230402613079045, 4.229140779240392, 4.227886856637673, 4.226640746687545, 4.225402352637961, 4.224171579523086, 4.222948334119598, 4.221732524904322, 4.22052406201313, 4.219322857201087, 4.218128823803786, 4.216941876699824, 4.215761932274386, 4.214588908383907, 4.213422724321748, 4.212263300784882, 4.211110559841533, 4.209964424899735, 4.208824820676808, 4.2076916731696725, 4.206564909626021, 4.205444458516287, 4.2043302495063966, 4.203222213431273, 4.202120282269079, 4.201024389116154, 4.199934468162641, 4.198850454668773, 4.197772284941798, 4.196699896313521, 4.195633227118448, 4.19457221667251, 4.193516805252341, 4.192466934075112, 4.191422545278882, 4.190383581903461, 4.189349987871773, 4.188321707971689, 4.187298687838335, 4.186280873936841, 4.185268213545531, 4.18426065473954]}