{"x": [4.01, 4.02, 4.03, 4.04, 4.05, 4.06, 4.07, 4.08, 4.09, 4.1, 4.11, 4.12, 4.13, 4.14, 4.15, 4.16, 4.17, 4.18, 4.19, 4.2, 4.21, 4.22, 4.23, 4.24, 4.25, 4.26, 4.27, 4.28, 4.29, 4.3, 4.31, 4.32, 4.33, 4.34, 4.35, 4.36, 4.37, 4.38, 4.39, 4.4, 4.41, 4.42, 4.43, 4.44, 4.45, 4.46, 4.47, 4.48, 4.49, 4.5, 4.51, 4.52, 4.53, 4.54, 4.55, 4.5600000000000005, 4.57, 4.58, 4.59, 4.6, 4.61, 4.62, 4.63, 4.64, 4.65, 4.66, 4.67, 4.68, 4.69, 4.7, 4.71, 4.72, 4.73, 4.74, 4.75, 4.76, 4.77, 4.78, 4.79, 4.8, 4.8100000000000005, 4.82, 4.83, 4.84, 4.85, 4.86, 4.87, 4.88, 4.89, 4.9, 4.91, 4.92, 4.93, 4.94, 4.95, 4.96, 4.97, 4.98, 4.99, 5.0, 5.01, 5.02, 5.03, 5.04, 5.05, 5.0600000000000005, 5.07, 5.08, 5.09, 5.1, 5.11, 5.12, 5.13, 5.140000000000001, 5.15, 5.16, 5.17, 5.18, 5.1899999999999995, 5.2, 5.21, 5.22, 5.23, 5.24, 5.25, 5.26, 5.27, 5.28, 5.29, 5.3, 5.3100000000000005, 5.32, 5.33, 5.34, 5.35, 5.36, 5.37, 5.38, 5.390000000000001, 5.4, 5.41, 5.42, 5.43, 5.4399999999999995, 5.45, 5.46, 5.47, 5.48, 5.49, 5.5, 5.51, 5.52, 5.53, 5.54, 5.55, 5.5600000000000005, 5.57, 5.58, 5.59, 5.6, 5.61, 5.62, 5.63, 5.640000000000001, 5.65, 5.66, 5.67, 5.68, 5.6899999999999995, 5.7, 5.71, 5.72, 5.73, 5.74, 5.75, 5.76, 5.77, 5.78, 5.79, 5.8, 5.8100000000000005, 5.82, 5.83, 5.84, 5.85, 5.86, 5.87, 5.88, 5.890000000000001, 5.9, 5.91, 5.92, 5.93, 5.9399999999999995, 5.95, 5.96, 5.97, 5.98, 5.99], "y": [3.7570783803155616, 3.8957078164275507, 3.9768008380491837, 4.034337252539539, 4.078965962802382, 4.115430274161173, 4.146260410126624, 4.172966688651528, 4.196523295782805, 4.217595398914371, 4.2366574348752355, 4.254059710273162, 4.270068251807869, 4.284889846238613, 4.298688420536004, 4.311596124763518, 4.323721049126805, 4.335152731894794, 4.34596617614885, 4.35622483502636, 4.365982867860247, 4.375286870987225, 4.384177223501392, 4.392689146385151, 4.400853545289202, 4.408697687919858, 4.416245753516428, 4.423519282350602, 4.4305375463128565, 4.437317856647993, 4.443875821212591, 4.450225560875507, 4.456379892608858, 4.462350485238794, 4.468147992613444, 4.4737821680067835, 4.479261962844406, 4.484595612260839, 4.489790709541491, 4.494854271138349, 4.4997927936564235, 4.504612303972236, 4.509318403454274, 4.513916307099214, 4.518410878269625, 4.522806659613381, 4.527107900657573, 4.53131858249714, 4.535442439937687, 4.539482981401191, 4.543443506860427, 4.547327124031847, 4.551136763025986, 4.554875189628417, 4.558545017362055, 4.562148718462591, 4.565688633882472, 4.5691669824248455, 4.572585869096706, 4.575947292759982, 4.579253153150224, 4.58250525732458, 4.585705325593868, 4.588854996987496, 4.591955834294689, 4.595009328720847, 4.598016904193755, 4.600979921350783, 4.6038996812350135, 4.606777428725433, 4.609614355723824, 4.612411604118773, 4.61517026854524, 4.617891398956395, 4.620576003022824, 4.623225048372828, 4.625839464686298, 4.62842014565348, 4.630967950808966, 4.633483707250338, 4.6359682112500495, 4.638422229768413, 4.640846501874881, 4.643241740084225, 4.645608631613625, 4.647947839566263, 4.650260004046478, 4.652545743211203, 4.65480565426199, 4.657040314381614, 4.659250281618932, 4.66143609572537, 4.663598278946213, 4.6657373367695625, 4.66785375863567, 4.669948018609129, 4.672020576016238, 4.674071876049676, 4.67610235034248, 4.67811241751318, 4.680102483683814, 4.682072942972416, 4.684024177961489, 4.685956560143836, 4.6878704503470665, 4.689766199137975, 4.691644147207943, 4.693504625740406, 4.69534795676139, 4.6971744534740445, 4.698984420578029, 4.70077815457458, 4.70255594405803, 4.704318069994461, 4.706064805988212, 4.707796418536835, 4.709513167275113, 4.711215305208695, 4.712903078937868, 4.714576728871971, 4.71623648943491, 4.717882589262213, 4.719515251390045, 4.721134693436569, 4.722741127776022, 4.724334761705857, 4.72591579760728, 4.727484433099485, 4.729040861187896, 4.730585270406678, 4.732117844955792, 4.733638764832836, 4.735148205959913, 4.736646340305744, 4.738133336003248, 4.739609357462772, 4.7410745654811866, 4.7425291173470026, 4.7439731669417, 4.745406864837422, 4.746830358391195, 4.748243791835813, 4.749647306367543, 4.751041040230762, 4.752425128799676, 4.753799704657229, 4.755164897671309, 4.756520835068384, 4.757867641504653, 4.759205439134813, 4.760534347678546, 4.761854484484817, 4.763165964594049, 4.764468900798287, 4.765763403699411, 4.767049581765469, 4.768327541385223, 4.769597386920955, 4.770859220759608, 4.772113143362327, 4.773359253312455, 4.774597647362039, 4.775828420476914, 4.777051665880402, 4.778267475095678, 4.77947593798687, 4.780677142798913, 4.781871176196214, 4.783058123300176, 4.784238067725614, 4.785411091616093, 4.786577275678252, 4.787736699215118, 4.788889440158467, 4.790035575100265, 4.791175179323192, 4.7923083268303275, 4.793435090373979, 4.794555541483713, 4.7956697504936034, 4.796777786568727, 4.797879717730921, 4.798975610883846, 4.800065531837359, 4.801149545331227, 4.802227715058202, 4.803300103686479, 4.804366772881552, 4.80542778332749, 4.806483194747659, 4.807533065924888, 4.808577454721118, 4.809616418096539, 4.810650012128227, 4.811678292028311, 4.812701312161665, 4.813719126063159, 4.814731786454469, 4.81573934526046]}