{"x": [4.01, 4.02, 4.03, 4.04, 4.05, 4.06, 4.07, 4.08, 4.09, 4.1, 4.11, 4.12, 4.13, 4.14, 4.15, 4.16, 4.17, 4.18, 4.19, 4.2, 4.21, 4.22, 4.23, 4.24, 4.25, 4.26, 4.27, 4.28, 4.29, 4.3, 4.31, 4.32, 4.33, 4.34, 4.35, 4.36, 4.37, 4.38, 4.39, 4.4, 4.41, 4.42, 4.43, 4.44, 4.45, 4.46, 4.47, 4.48, 4.49, 4.5, 4.51, 4.52, 4.53, 4.54, 4.55, 4.5600000000000005, 4.57, 4.58, 4.59, 4.6, 4.61, 4.62, 4.63, 4.64, 4.65, 4.66, 4.67, 4.68, 4.69, 4.7, 4.71, 4.72, 4.73, 4.74, 4.75, 4.76, 4.77, 4.78, 4.79, 4.8, 4.8100000000000005, 4.82, 4.83, 4.84, 4.85, 4.86, 4.87, 4.88, 4.89, 4.9, 4.91, 4.92, 4.93, 4.94, 4.95, 4.96, 4.97, 4.98, 4.99, 5.0, 5.01, 5.02, 5.03, 5.04, 5.05, 5.0600000000000005, 5.07, 5.08, 5.09, 5.1, 5.11, 5.12, 5.13, 5.140000000000001, 5.15, 5.16, 5.17, 5.18, 5.1899999999999995, 5.2, 5.21, 5.22, 5.23, 5.24, 5.25, 5.26, 5.27, 5.28, 5.29, 5.3, 5.3100000000000005, 5.32, 5.33, 5.34, 5.35, 5.36, 5.37, 5.38, 5.390000000000001, 5.4, 5.41, 5.42, 5.43, 5.4399999999999995, 5.45, 5.46, 5.47, 5.48, 5.49, 5.5, 5.51, 5.52, 5.53, 5.54, 5.55, 5.5600000000000005, 5.57, 5.58, 5.59, 5.6, 5.61, 5.62, 5.63, 5.640000000000001, 5.65, 5.66, 5.67, 5.68, 5.6899999999999995, 5.7, 5.71, 5.72, 5.73, 5.74, 5.75, 5.76, 5.77, 5.78, 5.79, 5.8, 5.8100000000000005, 5.82, 5.83, 5.84, 5.85, 5.86, 5.87, 5.88, 5.890000000000001, 5.9, 5.91, 5.92, 5.93, 5.9399999999999995, 5.95, 5.96, 5.97, 5.98, 5.99], "y": [4.049916708323414, 4.099334665397531, 4.14776010333067, 4.194709171154325, 4.239712769302102, 4.282321236697518, 4.322108843618846, 4.358678045449762, 4.391663454813742, 4.420735492403948, 4.445603680030718, 4.466019542983613, 4.481779092708597, 4.49272486499423, 4.4987474933020275, 4.499786801520752, 4.495832405226234, 4.486923815439098, 4.473150043843707, 4.4546487134128405, 4.431604683324437, 4.404248201909795, 4.37285260608836, 4.337731590275576, 4.299236072051978, 4.257750685910732, 4.213689940116915, 4.167494075077952, 4.119624664606991, 4.070560004029933, 4.020790331216645, 3.97081292828621, 3.9211271529283755, 3.8722294489865843, 3.82460838615519, 3.7787397783525734, 3.7350819295457534, 3.6940710545286404, 3.656116920408013, 3.621598752346036, 3.5908614444677944, 3.564212113793206, 3.5419170316252724, 3.524198963055242, 3.5112349411674515, 3.503154498183268, 3.5000383712179497, 3.5019176955820797, 3.508773693687834, 3.520537862668431, 3.5370926588361336, 3.5582726721399234, 3.5838662788880495, 3.6136177562220064, 3.647229837214804, 3.68436668106384, 3.7246572287011817, 3.7676989102931215, 3.8130616675848814, 3.860292250900537, 3.908918747863952, 3.958455298591252, 4.008406950242175, 4.0582746024252465, 4.107559994043908, 4.15577068175669, 4.202424960308299, 4.247056675569304, 4.2892198821941, 4.328493299359395, 4.3644845200629385, 4.396833931924577, 4.425218310314282, 4.449354047905813, 4.4689999883873694, 4.483959836015743, 4.494084116938501, 4.4992716726873025, 4.499470670919886, 4.494679123311691, 4.484944905422543, 4.470365278339886, 4.451085916878147, 4.427299454044141, 4.399243556311745, 4.367198548937057, 4.3314846150410915, 4.292458596445881, 4.250510428228942, 4.206059242620879, 4.159549181174676, 4.111444957050123, 4.062227211753531, 4.012387712726679, 3.9624244397690953, 3.9128366093885094, 3.864119686794529, 3.816760435374036, 3.7712320531123393, 3.7279894445553152, 3.687464675553559, 3.650062656203229, 3.6161570951182087, 3.586086765457173, 3.560152120014165, 3.5386122891935963, 3.521682491864906, 3.509531884966754, 3.5022818733468113, 3.5000048967246484, 3.5027237058980054, 3.5104111354243415, 3.5229903750489555, 3.5403357371676627, 3.5622739126557863, 3.5885857025156462, 3.6190082080404835, 3.6532374576114384, 3.6909314438814826, 3.7317135409997824, 3.775176267732699, 3.8208853588815854, 3.8683841043170997, 3.9171979122758454, 3.9668390513243996, 4.016811523610568, 4.066616020709971, 4.115754912550769, 4.163737219568847, 4.21008351841332, 4.254330732186188, 4.296036757353612, 4.334784881098301, 4.370187944976224, 4.4018922132758105, 4.429580907428249, 4.4529773711542315, 4.471847834722053, 4.486003750697488, 4.495303677847435, 4.499654694373959, 4.499013326358181, 4.4933859821373066, 4.482828888274639, 4.467447527762341, 4.447395586070252, 4.422873415571467, 4.394126033687658, 4.361440674755988, 4.325143920078559, 4.2855984348299945, 4.2431993444269, 4.198370286565306, 4.151559178372851, 4.103233740968898, 4.053876826149721, 4.003981591892968, 3.954046574886159, 3.9045707093129054, 3.856048341667467, 3.8089642914079955, 3.7637890068007653, 3.72097386435661, 3.680946658826025, 3.6441073288154384, 3.6108239607328505, 3.5814291109901255, 3.5562164832092478, 3.535437993632816, 3.5193012540602218, 3.507967497459178, 3.501549966979202, 3.5001127844634943, 3.5036703097646833, 3.512186997265921, 3.525577751040938, 3.543708775104408, 3.5663989102572096, 3.593421444169256, 3.624506376614162, 3.65934311722225, 3.697583588796858, 3.7388457051866344, 3.782717188964053, 3.8287596907651937, 3.8765131691316896, 3.9255004870929024, 3.975232179560816, 4.025211343903408, 4.074938604831476, 4.12391710399148, 4.171657464409949, 4.217682680186447, 4.261532882578848, 4.302769934859801, 4.340981810034068, 4.375786707676074, 4.406836868753553, 4.433822050320834]}